benchmark,total size,per task size,serialization p task,scheduling delay,sync serialization,lazy serialization,actual runtime
svm_parallelization,8000000,400000,0.009465361724,0.0000641355291,2.105394171,2.095874139,3.800804
svm_parallelization,64000000,6400000,0.187055522,0.00005390681326,18.90474174,18.71763508,0
svm_parallelization,80000000,4000000,0.1127985434,5.47E-05,16.49994347,16.38708984,16.545604
svm_parallelization,800000000,40000000,1.34421819,0.0000533182174,106.5712669,105.17854135754592,106.365451
